file_name,label,
file_501.jpg,웃음,
file_502.jpg,분노,
file_503.jpg,분노,
file_504.jpg,사과,
file_505.jpg,불,
file_506.jpg,불,
file_507.jpg,편안,
file_508.jpg,집중,
file_509.jpg,외면,
file_510.jpg,밥,
file_511.jpg,당당함,
file_512.jpg,집,
file_513.jpg,더러움,
file_514.jpg,놀람,
file_515.jpg,웃음,
file_516.jpg,웃음,
file_517.jpg,웃음,
file_518.jpg,멋,
file_519.jpg,인사,
file_520.jpg,포옹,
file_521.jpg,추위,
file_522.jpg,분노,
file_523.jpg,눈치,
file_524.jpg,추위,
file_525.jpg,추위,
file_526.jpg,피곤,
file_527.jpg,공감대,
file_528.jpg,추위,
file_529.jpg,열기,
file_530.jpg,포옹,
file_531.jpg,포옹,
file_532.jpg,포옹,
file_533.jpg,열기,
file_534.jpg,추위,
file_535.jpg,마음,
file_536.jpg,추위,
file_537.jpg,강풍,
file_538.jpg,잠,
file_539.jpg,지각,
file_540.jpg,지각,
file_541.jpg,분노,
file_542.jpg,인사,
file_543.jpg,잠,
file_544.jpg,퇴장,
file_545.jpg,의지,
file_546.jpg,경멸,
file_547.jpg,자신감,
file_548.jpg,잠,
file_549.jpg,의문,
file_550.png,멸시,
file_551.jpg,빈약,
file_552.png,나이,
file_553.jpg,담배,
file_554.jpg,본인,
file_555.jpg,부정,
file_556.jpg,창피,
file_557.jpg,소리침,
file_558.jpg,난감,
file_559.jpg,할아버지,
file_560.jpg,민망,
file_561.jpg,동의,
,사용불가,
file_563.jpg,외모,
file_564.jpg,멋,
file_565.jpg,,
file_566.jpg,추위,
file_567.jpg,눈치,
file_568.jpg,놀람,
file_569.jpg,고민,
file_570.jpg,웃음,
file_571.jpg,억울,
file_572.jpg,멸시,
file_573.jpg,분노,
file_574.jpg,멸시,
file_575.jpg,기피,
file_576.jpg,자기애,
file_577.jpg,자기애,
file_578.jpg,눈치,
file_579.jpg,충고,
file_580.png,멸시,
file_581.jpg,억지,
file_582.jpg,아기,
file_583.jpg,무시,
file_584.jpg,놀람,
file_585.jpg,부정,
file_586.png,더러움,
file_587.jpg,동의,
file_588.jpg,단정,
file_589.jpg,외모,
file_590.jpg,진심,
file_591.jpg,인정,
file_592.jpg,걱정,
file_593.jpg,사랑,
file_594.jpg,동지애,
file_595.jpg,포옹,
file_596.jpg,짜증,
file_597.jpg,감기,
file_598.jpg,놀람,
file_599.jpg,걱정,
file_600.jpg,잠,
file_601.jpg,불편,
file_602.jpg,좌절,
file_603.jpg,시련,
file_604.jpg,냄새,
file_605.jpg,냄새,
file_606.jpg,가족,
file_607.jpg,트림,
file_608.jpg,구토,
file_609.png,더러움,
file_610.jpg,실소,
file_611.jpg,고민,
file_612.jpg,더러움,
file_613.jpg,가식,
file_614.png,면도,
file_615.jpg,멸시,
file_616.jpg,귀여움,
file_617.jpg,웃음,
file_618.jpg,분노,
file_619.jpg,친구,
file_620.jpg,머리,
file_621.jpg,선글라스,
file_622.jpg,짜증,
file_623.jpg,선글라스,
file_624.jpg,선글라스,
file_625.jpg,웃음,
file_626.jpg,분노,
file_627.jpg,고함,
file_628.jpg,분노,
file_629.jpg,하품,
file_630.jpg,간절함,
file_631.jpg,감동,
file_632.jpg,공복,
file_633.jpg,허기,
file_634.jpg,허기,
file_635.jpg,인내심,
file_636.jpg,분노,
file_637.jpg,주먹,
file_638.jpg,허기,
file_639.jpg,허기,
,사용불가,
file_641.jpg,영광,
file_642.jpg,의문,
file_643.jpg,실소,
file_644.jpg,자부심,
file_645.jpg,실소,
file_646.jpg,실소,
file_647.jpg,폭소,
file_648.jpg,동의,
file_649.jpg,민망,
file_650.jpg,지방,
file_651.jpg,멸시,
file_652.jpg,웃음,
file_653.jpg,입,
file_654.png,짜증,
file_655.jpg,결제,
file_656.jpg,엉덩이,
file_657.jpg,당황,
file_658.jpg,웃음,
file_659.jpg,사악,
file_660.jpg,소분노,
file_661.jpg,사과,
file_662.jpg,악마,
file_663.jpg,춤,
file_664.jpg,칼,
file_665.jpg,손절,
file_666.jpg,진지,
file_667.jpg,부정,
file_668.jpg,웃음,
file_669.jpg,고함,
file_670.jpg,놀람,
file_671.jpg,장기,
file_672.jpg,엉덩이,
file_673.jpg,포옹,
file_674.jpg,춤,
file_675.jpg,춤,
file_676.jpg,기립,
file_677.jpg,기상,
file_678.jpg,응원,
file_679.jpg,고충,
file_680.jpg,포식,
file_681.jpg,분통,
file_682.jpg,엉덩이,
file_683.jpg,자신감,
file_684.jpg,걱정,
file_685.jpg,우울,
file_686.jpg,눈물,
file_687.jpg,응원,
file_688.jpg,멸시,
file_689.jpg,야근,
file_690.jpg,태연,
file_691.jpg,놀람,
file_692.jpg,불면증,
file_693.jpg,사랑,
file_694.jpg,긴장,
file_695.jpg,고분,
file_696.jpg,불안,
file_697.jpg,놀람,
file_698.jpg,분노,
file_699.jpg,겁,
file_700.png,허기,
file_701.jpg,웃음,
file_702.jpg,복수,
file_703.jpg,눈빛,
file_704.jpg,놀람,
file_705.jpg,이름,
file_706.jpg,부정,
file_707.jpg,응원,
file_708.jpg,칭찬,
file_709.jpg,난감,
file_710.jpg,방황,
file_711.jpg,표정,
file_712.jpg,눈치,
file_713.jpg,활약,
file_714.jpg,진심,
file_715.jpg,최고,
file_716.jpg,부끄러움,
file_717.jpg,괴짜,
file_718.jpg,무지,
file_719.jpg,분노,
file_720.jpg,역량,
file_721.jpg,심심함,
file_722.jpg,죄,
file_723.jpg,우위,
file_724.jpg,죄,
file_725.jpg,고분,
file_726.jpg,냄새,
file_727.png,감기,
file_728.jpg,행패,
file_729.jpg,고용,
file_730.jpg,농담,
file_731.jpg,노래,
file_732.jpg,집,
file_733.jpg,똥,
file_734.jpg,긴장,
file_735.jpg,더러움,
file_736.jpg,추위,
file_737.jpg,실소,
file_738.jpg,당황,
file_739.jpg,하품,
file_740.jpg,하품,
file_741.jpg,눈빛,
file_742.jpg,눈빛,
file_743.jpg,멸시,
file_744.png,사과,
file_745.jpg,의문,
file_746.jpg,농담,
file_747.jpg,실소,
file_748.jpg,경멸,
file_749.jpg,납치,
file_750.jpg,요염,
file_751.jpg,칼,
file_752.png,도움,
file_753.jpg,고민,
file_754.jpg,안심,
file_755.jpg,허기,
file_756.jpg,짜증,
file_757.jpg,당황,
file_758.jpg,지각,
file_759.jpg,멸시,
file_760.jpg,잠,
file_761.jpg,피곤,
file_762.jpg,타박,
file_763.jpg,납득,
file_764.jpg,나이,
file_765.jpg,의혹,
file_766.png,대범,
file_767.jpg,분발,
file_768.jpg,자신감,
file_769.jpg,돼지,
file_770.jpg,돼지,
file_771.jpg,귀여움,
file_772.jpg,엉덩이,
file_773.jpg,설득,
file_774.jpg,요염,
file_775.jpg,기품,
file_776.jpg,눈빛,
file_777.jpg,새침,
file_778.jpg,당황,
file_779.jpg,귀여움,
file_780.jpg,억울,
file_781.jpg,귀여움,
file_782.jpg,술,
file_783.jpg,춤,
file_784.jpg,배신,
file_785.jpg,기쁨,
file_786.jpg,정색,
file_787.jpg,분노,
file_788.jpg,훈계,
file_789.jpg,열정,
file_790.jpg,스트레스,
file_791.jpg,의문,
file_792.jpg,괴짜,
file_793.jpg,후회,
file_794.jpg,관심,
file_795.jpg,환호,
file_796.jpg,고함,
file_797.jpg,춤,
file_798.jpg,새침,
file_799.jpg,한숨,
file_800.jpg,위엄,
file_801.jpg,곤란,
file_802.jpg,심란,
file_803.jpg,불만,
file_804.jpg,놀람,
file_805.jpg,커피,
file_806.jpg,대강,
file_807.jpg,강제,
file_808.jpg,역경,
file_809.jpg,합심,
file_810.jpg,기대,
file_811.jpg,고기,
file_812.jpg,놀람,
file_813.jpg,잠,
file_814.jpg,기상,
file_815.jpg,괴물,
file_816.jpg,괴물,
file_817.jpg,놀람,
file_818.jpg,공포,
file_819.jpg,공포,
file_820.jpg,허기,
file_821.jpg,허기,
file_822.jpg,허기,
file_823.jpg,부정,
file_824.jpg,놀람,
file_825.jpg,당황,
file_826.jpg,포옹,
file_827.png,의문,
file_828.jpg,포옹,
file_829.jpg,고통,
file_830.jpg,감탄,
file_831.jpg,겸구,
file_832.jpg,참혹,
file_833.jpg,유감,
file_834.jpg,의문,
file_835.jpg,당황,
file_836.jpg,당혹,
file_837.jpg,추위,
file_838.png,부끄러움,
file_839.jpg,사랑,
file_840.jpg,가식,
file_841.jpg,동행,
file_842.jpg,평화,
file_843.jpg,친구,
file_844.jpg,재촉,
file_845.jpg,인정,
file_846.jpg,고생,
file_847.jpg,부끄러움,
file_848.jpg,소심,
file_849.jpg,역정,
file_850.jpg,걱정,
file_851.jpg,태연,
file_852.jpg,관심,
file_853.webp,우울,
file_854.webp,성질,
file_855.webp,분노,
file_856.webp,정도,
file_857.webp,육아,
file_858.webp,탈출,
file_859.webp,부끄러움,
file_860.webp,성행,
file_861.webp,어려움,
file_862.webp,싸움,
file_863.webp,노여움,
file_864.webp,도전,
file_865.webp,분쟁,
file_866.webp,정의,
file_867.webp,의지,
file_868.webp,의지,
file_869.webp,가난,
file_870.webp,최악,
file_871.webp,패배,
file_872.webp,욕,
file_873.webp,어려움,
file_874.webp,기절,
file_875.webp,놀람,
file_876.webp,분노,
file_877.webp,당황,
file_878.webp,기회,
file_879.webp,규제,
file_880.webp,울화,
file_881.webp,똥,
file_882.webp,놀람,
file_883.webp,거짓,
file_884.webp,권리,
file_885.webp,분쟁,
file_886.webp,사과,
file_887.webp,잘못,
file_888.webp,무례,
file_889.webp,인내심,
file_890.webp,당황,
,인내심,
file_892.webp,웃음,
file_893.webp,초보,
file_894.webp,상처,
file_895.webp,건달,
file_896.webp,위탁,
file_897.webp,이용,
file_898.webp,충격,
file_899.webp,무관심,
file_900.webp,애호,
file_901.webp,수발,
file_902.webp,자신감,
file_903.webp,유감,
file_904.webp,부끄러움,
file_905.webp,고민,
file_906.webp,흡족,
file_907.webp,공존,
file_908.webp,거지,
file_909.webp,포기,
file_910.webp,불만,
file_911.webp,공존,
file_912.webp,당황,
file_913.webp,무시,
file_914.webp,살인,
file_915.webp,의문,
file_916.webp,억울,
file_917.webp,살인,
file_918.webp,억울,
file_919.webp,매혹,
file_920.webp,당황,
file_921.webp,당황,
file_922.webp,공격,
file_923.webp,거지,
file_924.webp,각성,
file_925.webp,비밀,
file_926.webp,경비,
file_927.webp,당황,
file_928.webp,도움,
file_929.webp,매혹,
file_930.webp,매혹,
file_931.webp,무시,
file_932.webp,천국,
file_933.webp,비교,
file_934.webp,사냥,
file_935.webp,행복,
file_936.webp,분노,
file_937.webp,이름,
file_938.webp,고수,
file_939.webp,폭력,
file_940.webp,접신,
file_941.webp,비밀,
file_942.webp,고함,
file_943.jpg,편지,
file_944.jpg,감사,
file_945.jpg,감동,
file_946.jpg,당혹,
file_947.png,놀이,
file_948.png,눈치,
file_949.jpg,박자,
file_950.png,눈치,
file_951.png,당혹,
file_952.png,유감,
file_953.png,인사,
file_954.jpg,인사,
file_955.png,인사,
file_956.jpg,무기력,
file_957.jpg,당혹,
file_958.jpg,공격,
file_959.jpg,인사,
file_960.jpg,인사,
file_961.jpg,일,
file_962.jpg,여유,
file_963.jpg,정신,
file_964.jpg,허기,
file_965.jpg,허기,
file_966.jpg,소식,
file_967.jpg,눈치,
file_968.jpg,흥,
file_969.jpg,무시,
file_970.jpg,슬픔,
file_971.jpg,폭력,
file_972.jpg,유전,
file_973.jpg,흥,
file_974.png,살벌,
file_975.png,분노,
file_976.jpg,부정,
file_977.jpg,난감,
file_978.jpg,난감,
file_979.jpg,불편,
file_980.jpg,무식,
file_981.jpg,자폭,
file_982.jpg,도전,
file_983.jpg,도전,
file_984.jpg,폭력,
file_985.jpg,시간,
file_986.png,빈약,
file_987.jpg,난감,
file_988.jpg,섭취,
file_989.jpg,술,
file_990.jpg,당황,
file_991.jpg,한심,
file_992.jpg,갑질,
file_993.jpg,막말,
file_994.jpg,유감,
file_995.png,돈,
file_996.jpg,싸움,
file_997.jpg,심부름,
file_998.png,설렘,
file_999.jpg,웃음,
file_1000.png,싸움,
