file_name,label
file_1.jpg,소외
file_2.jpg,다이어트
file_3.jpg,실패
file_4.jpg,긍정
file_5.jpg,피자
file_6.jpg,식사
file_7.jpg,거절
file_8.jpg,후회
file_9.jpg,정색
file_10.jpg,불만
file_11.jpg,의문
file_12.jpg,다이어트
file_13.jpg,인정
file_14.jpg,무지
file_15.jpg,노력
file_16.jpg,외면
file_17.jpg,피곤
file_18.jpg,놀람
file_19.jpg,기절
file_20.jpg,식욕
file_21.jpg,수치
file_22.jpg,소비
file_23.jpg,운동
file_24.jpg,취소
file_25.jpg,포기
file_26.jpg,춤
file_27.jpg,노래
file_28.jpg,미남
file_29.jpg,웃음
file_30.jpg,웃음
file_31.jpg,신남
file_32.jpg,춤
file_33.jpg,친구
file_34.jpg,왕자
file_35.jpg,술
file_36.jpg,간
file_37.jpg,불만
file_38.jpg,불안
file_39.jpg,복수
file_40.jpg,외모
file_41.png,인정
file_42.jpg,웃음
file_43.jpg,짜증
file_44.jpg,의문
file_45.jpg,불안
file_46.jpg,분노
file_47.jpg,공포
file_48.jpg,비상
file_49.jpg,분노
file_50.jpg,분노
file_51.jpg,질책
file_52.jpg,사랑
file_53.jpg,연민
file_54.jpg,행복
file_55.jpg,만남
file_56.jpg,웃음
file_57.jpg,무관심
file_58.jpg,사랑
file_59.jpg,만족
file_60.jpg,해명
file_61.jpg,울음
file_62.jpg,공포
file_63.jpg,쟁취
file_64.jpg,웃음
file_65.jpg,당황
file_66.jpg,분노
file_67.jpg,구경
file_68.jpg,웃음
file_69.jpg,비밀
file_70.jpg,당황
file_71.jpg,웃음
file_72.jpg,외모
file_73.jpg,외모
file_74.jpg,유혹
file_75.jpg,계획
file_76.jpg,분노
file_77.jpg,분노
file_78.png,분노
file_79.jpg,소외
file_80.jpg,대충
file_81.jpg,만족
file_82.jpg,외모
file_83.jpg,귀찮
file_84.jpg,웃음
file_85.jpg,외모
file_86.jpg,관리
file_87.jpg,불만
file_88.jpg,칭찬
file_89.jpg,지목
file_90.jpg,칭찬
file_91.jpg,제재
file_92.jpg,공부
file_93.jpg,의문
file_94.jpg,포기
file_95.jpg,충격
file_96.png,제재
file_97.jpg,거절
file_98.jpg,제재
file_99.jpg,비난
file_100.jpg,짜증
file_101.jpg,공격
file_102.jpg,위협
file_103.jpg,구타
file_104.jpg,경고
file_105.jpg,만류
file_106.jpg,피곤
file_107.jpg,거절
file_108.jpg,의욕
file_109.jpg,피곤
file_110.jpg,연애
file_111.jpg,거짓말
file_112.jpg,연애
file_113.jpg,자녀
file_114.jpg,의문
file_115.jpg,외모
file_116.jpg,수염
file_117.jpg,지침
file_118.jpg,쓸쓸
file_119.jpg,불만
file_120.jpg,가족
file_121.jpg,부족
file_122.jpg,왕자
file_123.jpg,욕설
file_124.jpg,고소
file_125.jpg,저주
file_126.jpg,조언
file_127.jpg,위협
file_128.jpg,분노
file_129.jpg,걱정
file_130.jpg,무시
file_131.jpg,대답
file_132.jpg,고독
file_133.jpg,춤
file_134.jpg,웃음
file_135.jpg,사죄
file_136.jpg,구경
file_137.png,인사
file_138.jpg,무관심
file_139.jpg,개
file_140.jpg,감탄
file_141.jpg,조언
file_142.jpg,등장
file_143.jpg,경멸
file_144.jpg,위협
file_145.jpg,일
file_146.jpg,등장
file_147.jpg,인사
file_148.jpg,충격
file_149.jpg,당황
file_150.jpg,사랑
file_151.jpg,구타
file_152.jpg,친절
file_153.jpg,방관
file_154.jpg,칭찬
file_155.jpg,춤
file_156.png,웃음
file_157.png,인정
file_158.jpg,웃음
file_159.jpg,춤
file_160.jpg,숫자
file_161.jpg,춤
file_162.jpg,발견
file_163.png,웃음
file_164.jpg,수면
file_165.jpg,예민
file_166.jpg,피곤
file_167.jpg,양심
file_168.jpg,수면
file_170.jpg,수면
file_171.jpg,구경
file_172.jpg,피곤
file_173.jpg,당황
file_174.jpg,인사
file_175.jpg,춤
file_176.png,감성
file_177.jpg,피곤
file_178.jpg,소비
file_179.jpg,확인
file_180.jpg,음료
file_181.jpg,탕진
file_182.jpg,눈치
file_183.jpg,공격
file_184.jpg,긴장
file_185.jpg,웃음
file_186.jpg,위협
file_187.jpg,응답
file_188.jpg,당황
file_189.jpg,주저
file_190.jpg,흥겨움
file_191.jpg,춤
file_192.jpg,춤
file_193.jpg,흥겨움
file_194.jpg,마무리
file_195.jpg,마무리
file_196.jpg,후회
file_197.jpg,욕설
file_198.jpg,욕설
file_199.jpg,고함
file_200.jpg,창피
file_201.jpg,신체
file_202.jpg,외모
file_203.jpg,질책
file_204.jpg,짜증
file_205.jpg,외모
file_206.jpg,수면
file_207.jpg,진정
file_208.jpg,용돈
file_209.jpg,부정
file_210.jpg,출생
file_211.jpg,경고
file_212.jpg,식사
file_213.jpg,탕진
file_214.jpg,제재
file_215.jpg,소비
file_216.jpg,소비
file_217.jpg,흥정
file_218.jpg,울분
file_219.jpg,규칙
file_220.jpg,경멸
file_221.jpg,불만
file_222.jpg,처벌
file_223.jpg,인정
file_224.jpg,경고
file_225.jpg,혈압
file_226.jpg,당황
file_227.png,가족
file_228.jpg,개
file_229.png,시간
file_230.png,시간
file_231.png,개
file_232.jpg,불만
file_233.jpg,의사
file_234.jpg,경멸
file_235.jpg,나이
file_236.jpg,제재
file_237.jpg,긍정
file_238.jpg,나이
file_239.jpg,거절
file_240.jpg,무시
file_241.jpg,무시
file_242.jpg,수면
file_243.jpg,무시
file_244.jpg,무시
file_245.jpg,제재
file_246.jpg,경멸
file_247.jpg,제재
file_248.jpg,울분
file_249.jpg,사랑
file_250.jpg,의문
file_251.jpg,의문
file_252.jpg,의문
file_253.jpg,위협
file_254.png,경고
file_255.jpg,욕설
file_256.jpg,울분
file_257.jpg,운동
file_258.jpg,진정
file_259.jpg,얌전
file_260.jpg,실수
file_261.jpg,식사
file_262.jpg,응시
file_263.png,외모
file_264.jpg,거짓말
file_265.jpg,최악
file_266.jpg,웃음
file_267.jpg,춤
file_268.jpg,춤
file_269.jpg,지시
file_270.jpg,의문
file_271.jpg,긴장
file_272.jpg,아기
file_273.jpg,식사
file_274.jpg,인사
file_275.jpg,경계
file_276.jpg,긍정
file_277.jpg,인사
file_278.jpg,피곤
file_279.jpg,피곤
file_280.jpg,짜증
file_281.jpg,피곤
file_282.jpg,기상
file_283.jpg,사랑
file_284.png,일
file_285.jpg,피곤
file_286.jpg,인사
file_287.jpg,구경
file_288.jpg,아기
file_289.jpg,인사
file_290.jpg,기상
file_291.jpg,휴가
file_292.jpg,희망
file_293.png,일
file_295.jpg,울분
file_296.jpg,웃음
file_297.jpg,의문
file_298.jpg,경멸
file_299.jpg,가출
file_300.jpg,소개
file_301.jpg,감사
file_302.jpg,피곤
file_303.png,질책
file_304.png,질책
file_305.jpg,인사
file_306.jpg,시간
file_307.jpg,응원
file_308.jpg,식사
file_309.png,메뉴
file_310.jpg,소비
file_311.jpg,노출
file_312.jpg,식사
file_313.png,고기
file_314.png,경고
file_315.jpg,정신
file_316.png,웃음
file_317.jpg,의욕
file_318.png,피곤
file_319.jpg,무관심
file_320.jpg,슬픔
file_321.jpg,아줌마
file_322.jpg,대결
file_323.jpg,반가움
file_324.jpg,걱정
file_325.jpg,행방
file_326.jpg,소심
file_327.jpg,최고
file_328.jpg,복제
file_329.jpg,박수
file_330.jpg,웃음
file_331.jpg,박수
file_332.jpg,인사
file_333.jpg,사랑
file_334.jpg,경멸
file_335.jpg,아기
file_336.jpg,인사
file_337.jpg,외모
file_338.png,마스크
file_339.jpg,기상
file_340.jpg,거절
file_341.jpg,체력
file_342.jpg,불만
file_343.jpg,아침
file_344.jpg,불만
file_345.png,걱정
file_346.jpg,실망
file_347.png,피곤
file_348.png,피곤
file_349.jpg,외모
file_350.jpg,강아지
file_351.jpg,피곤
file_352.png,울분
file_353.jpg,걱정
file_354.jpg,황당
file_355.jpg,자책
file_356.jpg,의문
file_357.jpg,제거
file_358.jpg,불만
file_359.jpg,염탐
file_360.jpg,의도
file_361.jpg,울분
file_362.jpg,제재
file_363.jpg,한심
file_364.jpg,칭찬
file_365.jpg,거짓말
file_366.jpg,사랑
file_367.jpg,음식
file_368.jpg,실망
file_369.jpg,불만
file_370.jpg,춤
file_371.jpg,집중
file_372.jpg,운동
file_373.jpg,피곤
file_374.jpg,은밀
file_375.jpg,정신
file_376.jpg,세수
file_377.jpg,세수
file_378.jpg,좋음
file_379.png,벌레
file_380.jpg,어색
file_381.jpg,웃음
file_382.jpg,피곤
file_383.jpg,침묵
file_384.jpg,음료
file_385.jpg,닭
file_386.jpg,여유
file_387.jpg,재산
file_388.jpg,통곡
file_389.jpg,이동
file_390.jpg,눈빛
file_391.jpg,트집
file_392.jpg,분노
file_393.jpg,인사
file_394.jpg,불만
file_395.jpg,대머리
file_396.jpg,반응
file_397.jpg,사람
file_398.jpg,머리
file_399.jpg,대머리
file_400.jpg,혼돈
file_401.jpg,대머리
file_402.jpg,대머리
file_403.png,공감
file_404.jpg,요리
file_405.jpg,머리
file_406.jpg,식사
file_408.jpg,행운
file_409.jpg,슬픔
file_410.jpg,식사
file_411.jpg,방어
file_412.jpg,거절
file_413.jpg,시큼
file_414.jpg,노력
file_415.jpg,웃음
file_416.jpg,흥겨움
file_417.jpg,휴식
file_418.jpg,등장
file_420.jpg,당황
file_421.jpg,사랑
file_422.jpg,민망
file_423.jpg,처벌
file_424.jpg,술
file_425.jpg,다툼
file_426.jpg,사랑
file_427.jpg,주저
file_428.jpg,미모
file_429.jpg,분노
file_431.jpg,웃음
file_432.jpg,응시
file_433.jpg,원통
file_434.jpg,분노
file_435.jpg,쥐
file_436.jpg,익숙
file_437.jpg,사랑
file_438.jpg,바보
file_439.jpg,웃음
file_440.jpg,식사
file_441.jpg,시무룩
file_442.jpg,사랑
file_443.jpg,고기
file_444.jpg,고기
file_445.jpg,수줍음
file_446.jpg,주말
file_447.jpg,주말
file_448.jpg,보람
file_449.jpg,인사
file_450.jpg,인사
file_451.jpg,휴식
file_452.jpg,불만
file_453.jpg,냉정
file_454.jpg,혐오
file_455.jpg,조언
file_456.jpg,웃음
file_457.jpg,긴장
file_458.jpg,방출
file_459.jpg,황당
file_460.jpg,이름
file_461.jpg,이름
file_462.jpg,놀람
file_463.jpg,응원
file_464.jpg,소개
file_465.jpg,불만
file_466.jpg,식사
file_467.gif,식사
file_468.jpg,긍정
file_469.gif,식탐
file_470.jpg,광분
file_471.jpg,한계
file_472.jpg,도전
file_473.jpg,칭찬
file_474.jpg,칭찬
file_475.jpg,달콤
file_476.jpg,의욕
file_477.jpg,의욕
file_478.jpg,기형
file_479.jpg,몸매
file_480.jpg,알몸
file_481.jpg,나체
file_482.jpg,경찰
file_483.jpg,수감
file_484.jpg,소송
file_485.jpg,경찰
file_486.jpg,황당
file_487.jpg,웃음
file_488.jpg,웃음
file_489.jpg,까칠
file_491.jpg,황당
file_492.jpg,모른척
file_493.jpg,막내
file_494.jpg,무관심
file_495.jpg,무관심
file_496.jpg,불만
file_497.jpg,폭행
file_498.png,통증
file_499.jpg,폭발
file_500.jpg,인사
file_501.jpg,웃음
file_502.jpg,분노
file_503.jpg,분노
file_504.jpg,사과
file_505.jpg,불
file_506.jpg,불
file_507.jpg,편안
file_508.jpg,집중
file_509.jpg,외면
file_510.jpg,밥
file_511.jpg,자신감
file_512.jpg,집
file_513.jpg,오물
file_514.jpg,놀라움
file_515.jpg,웃음
file_516.jpg,웃음
file_517.jpg,웃음
file_518.jpg,멋
file_519.jpg,인사
file_520.jpg,업고
file_521.jpg,추위
file_522.jpg,분노
file_523.jpg,눈치
file_524.jpg,추위
file_525.jpg,추위
file_526.jpg,피곤
file_527.jpg,공감대
file_528.jpg,추위
file_529.jpg,열기
file_530.jpg,업고
file_531.jpg,업고
file_532.jpg,업고
file_533.jpg,열기
file_534.jpg,추위
file_535.jpg,마음
file_536.jpg,추위
file_537.jpg,강풍
file_538.jpg,잠
file_539.jpg,지각
file_540.jpg,지각
file_541.jpg,분노
file_542.jpg,인사
file_543.jpg,잠
file_544.jpg,퇴장
file_545.jpg,의지
file_546.jpg,경멸
file_547.jpg,자신감
file_548.jpg,잠
file_549.jpg,의문
file_550.png,멸시
file_551.jpg,빈약
file_552.png,나이
file_553.jpg,담배
file_554.jpg,본인
file_555.jpg,반대
file_556.jpg,부끄러움
file_557.jpg,소리침
file_558.jpg,난감
file_559.jpg,할아버지
file_560.jpg,당황
file_561.jpg,동의
file_563.jpg,외모
file_564.jpg,멋
file_566.jpg,추위
file_567.jpg,눈치
file_568.jpg,놀라움
file_569.jpg,고민
file_570.jpg,웃음
file_571.jpg,억울
file_572.jpg,멸시
file_573.jpg,분노
file_574.jpg,멸시
file_575.jpg,기피
file_576.jpg,자기애
file_577.jpg,자기애
file_578.jpg,눈치
file_579.jpg,충고
file_580.png,멸시
file_581.jpg,억지
file_582.jpg,아기
file_583.jpg,무시
file_584.jpg,놀라움
file_585.jpg,반대
file_586.png,오물
file_587.jpg,동의
file_588.jpg,단정
file_589.jpg,외모
file_590.jpg,진심
file_591.jpg,인정
file_592.jpg,걱정
file_593.jpg,사랑
file_594.jpg,도움
file_595.jpg,업고
file_596.jpg,짜증
file_597.jpg,감기
file_598.jpg,놀라움
file_599.jpg,걱정
file_600.jpg,잠
file_601.jpg,불편
file_602.jpg,좌절
file_603.jpg,시련
file_604.jpg,냄새
file_605.jpg,냄새
file_606.jpg,가족
file_607.jpg,트림
file_608.jpg,구토
file_609.png,오물
file_610.jpg,웃음
file_611.jpg,고민
file_612.jpg,오물
file_613.jpg,위선
file_614.png,면도
file_615.jpg,멸시
file_616.jpg,생김새
file_617.jpg,웃음
file_618.jpg,분노
file_619.jpg,친구
file_620.jpg,머리
file_621.jpg,선글라스
file_622.jpg,짜증
file_623.jpg,선글라스
file_624.jpg,선글라스
file_625.jpg,웃음
file_626.jpg,분노
file_627.jpg,고함
file_628.jpg,분노
file_629.jpg,피곤
file_630.jpg,열망
file_631.jpg,감동
file_632.jpg,공복
file_633.jpg,굶주림
file_634.jpg,굶주림
file_635.jpg,인내심
file_636.jpg,분노
file_637.jpg,주먹
file_638.jpg,굶주림
file_639.jpg,굶주림
file_641.jpg,영광
file_642.jpg,의문
file_643.jpg,웃음
file_644.jpg,자부심
file_645.jpg,웃음
file_646.jpg,웃음
file_647.jpg,즐거움
file_648.jpg,동의
file_649.jpg,당황
file_650.jpg,지방
file_651.jpg,멸시
file_652.jpg,웃음
file_653.jpg,입
file_654.png,짜증
file_655.jpg,결제
file_656.jpg,엉덩이
file_657.jpg,당황
file_658.jpg,웃음
file_659.jpg,사악
file_660.jpg,소분노
file_661.jpg,사과
file_662.jpg,악마
file_663.jpg,춤
file_664.jpg,칼
file_665.jpg,이별
file_666.jpg,진지
file_667.jpg,반대
file_668.jpg,웃음
file_669.jpg,고함
file_670.jpg,놀라움
file_671.jpg,장기
file_672.jpg,엉덩이
file_673.jpg,업고
file_674.jpg,춤
file_675.jpg,춤
file_676.jpg,서서
file_677.jpg,기상
file_678.jpg,응원
file_679.jpg,고충
file_680.jpg,포식
file_681.jpg,비통
file_682.jpg,엉덩이
file_683.jpg,자신감
file_684.jpg,걱정
file_685.jpg,우울
file_686.jpg,눈물
file_687.jpg,응원
file_688.jpg,멸시
file_689.jpg,근무
file_690.jpg,태연
file_691.jpg,놀라움
file_692.jpg,피곤
file_693.jpg,사랑
file_694.jpg,긴장
file_695.jpg,고분
file_696.jpg,불안
file_697.jpg,놀라움
file_698.jpg,분노
file_699.jpg,겁
file_700.png,굶주림
file_701.jpg,웃음
file_702.jpg,복수
file_703.jpg,불화
file_704.jpg,놀라움
file_705.jpg,이름
file_706.jpg,반대
file_707.jpg,응원
file_708.jpg,칭찬
file_709.jpg,난감
file_710.jpg,방황
file_711.jpg,표정
file_712.jpg,눈치
file_713.jpg,활약
file_714.jpg,진심
file_715.jpg,최고
file_716.jpg,부끄러움
file_717.jpg,괴짜
file_718.jpg,무지
file_719.jpg,분노
file_720.jpg,역량
file_721.jpg,무기력
file_722.jpg,죄
file_723.jpg,우위
file_724.jpg,죄
file_725.jpg,고분
file_726.jpg,냄새
file_727.png,감기
file_728.jpg,행패
file_729.jpg,고용
file_730.jpg,농담
file_731.jpg,노래
file_732.jpg,집
file_733.jpg,똥
file_734.jpg,긴장
file_735.jpg,오물
file_736.jpg,추위
file_737.jpg,웃음
file_738.jpg,당황
file_739.jpg,피곤
file_740.jpg,피곤
file_741.jpg,불화
file_742.jpg,불화
file_743.jpg,멸시
file_744.png,사과
file_745.jpg,의문
file_746.jpg,농담
file_747.jpg,웃음
file_748.jpg,경멸
file_749.jpg,납치
file_750.jpg,날씬
file_751.jpg,칼
file_752.png,도움
file_753.jpg,고민
file_754.jpg,안심
file_755.jpg,굶주림
file_756.jpg,짜증
file_757.jpg,당황
file_758.jpg,지각
file_759.jpg,멸시
file_760.jpg,잠
file_761.jpg,피곤
file_762.jpg,비난
file_763.jpg,납득
file_764.jpg,나이
file_765.jpg,의혹
file_766.png,자부심
file_767.jpg,추진력
file_768.jpg,자신감
file_769.jpg,돼지
file_770.jpg,돼지
file_771.jpg,자랑
file_772.jpg,엉덩이
file_773.jpg,설득
file_774.jpg,날씬
file_775.jpg,기품
file_776.jpg,불화
file_777.jpg,무례
file_778.jpg,당황
file_779.jpg,자랑
file_780.jpg,억울
file_781.jpg,자랑
file_782.jpg,술
file_783.jpg,춤
file_784.jpg,배신
file_785.jpg,기쁨
file_786.jpg,무표정
file_787.jpg,분노
file_788.jpg,훈계
file_789.jpg,열정
file_790.jpg,스트레스
file_791.jpg,의문
file_792.jpg,괴짜
file_793.jpg,후회
file_794.jpg,관심
file_795.jpg,환호
file_796.jpg,고함
file_797.jpg,춤
file_798.jpg,무례
file_799.jpg,한숨
file_800.jpg,위엄
file_801.jpg,곤란
file_802.jpg,염려
file_803.jpg,불만
file_804.jpg,놀라움
file_805.jpg,커피
file_806.jpg,대강
file_807.jpg,강제
file_808.jpg,역경
file_809.jpg,추진력
file_810.jpg,기대
file_811.jpg,고기
file_812.jpg,놀라움
file_813.jpg,잠
file_814.jpg,기상
file_815.jpg,괴물
file_816.jpg,괴물
file_817.jpg,놀라움
file_818.jpg,공포
file_819.jpg,공포
file_820.jpg,굶주림
file_821.jpg,굶주림
file_822.jpg,굶주림
file_823.jpg,반대
file_824.jpg,놀라움
file_825.jpg,당황
file_826.jpg,업고
file_827.png,의문
file_828.jpg,업고
file_829.jpg,고통
file_830.jpg,감탄
file_831.jpg,구토
file_832.jpg,참혹
file_833.jpg,유감
file_834.jpg,의문
file_835.jpg,당황
file_836.jpg,당황
file_837.jpg,추위
file_838.png,부끄러움
file_839.jpg,사랑
file_840.jpg,위선
file_841.jpg,동행
file_842.jpg,평화
file_843.jpg,친구
file_844.jpg,재촉
file_845.jpg,인정
file_846.jpg,고생
file_847.jpg,부끄러움
file_848.jpg,소심
file_849.jpg,못마땅
file_850.jpg,걱정
file_851.jpg,태연
file_852.jpg,관심
file_853.webp,우울
file_854.webp,성질
file_855.webp,분노
file_856.webp,정도
file_857.webp,육아
file_858.webp,탈출
file_859.webp,부끄러움
file_860.webp,성행
file_861.webp,어려움
file_862.webp,싸움
file_863.webp,노여움
file_864.webp,도전
file_865.webp,분쟁
file_866.webp,정의
file_867.webp,의지
file_868.webp,의지
file_869.webp,가난
file_870.webp,최악
file_871.webp,패배
file_872.webp,욕
file_873.webp,어려움
file_874.webp,기절
file_875.webp,놀라움
file_876.webp,분노
file_877.webp,당황
file_878.webp,기회
file_879.webp,규제
file_880.webp,비통
file_881.webp,똥
file_882.webp,놀라움
file_883.webp,거짓
file_884.webp,권리
file_885.webp,분쟁
file_886.webp,사과
file_887.webp,잘못
file_888.webp,무례
file_889.webp,인내심
file_890.webp,당황
file_892.webp,웃음
file_893.webp,초보
file_894.webp,상처
file_895.webp,건달
file_896.webp,위탁
file_897.webp,이용
file_898.webp,충격
file_899.webp,무관심
file_900.webp,애호
file_901.webp,수발
file_902.webp,자신감
file_903.webp,유감
file_904.webp,부끄러움
file_905.webp,고민
file_906.webp,만족
file_907.webp,공존
file_908.webp,거지
file_909.webp,포기
file_910.webp,불만
file_911.webp,공존
file_912.webp,당황
file_913.webp,무시
file_914.webp,살인
file_915.webp,의문
file_916.webp,억울
file_917.webp,살인
file_918.webp,억울
file_919.webp,매혹
file_920.webp,당황
file_921.webp,당황
file_922.webp,공격
file_923.webp,거지
file_924.webp,각성
file_925.webp,비밀
file_926.webp,경비
file_927.webp,당황
file_928.webp,도움
file_929.webp,매혹
file_930.webp,매혹
file_931.webp,무시
file_932.webp,천국
file_933.webp,비교
file_934.webp,사냥
file_935.webp,행복
file_936.webp,분노
file_937.webp,이름
file_938.webp,고수
file_939.webp,폭력
file_940.webp,무당
file_941.webp,비밀
file_942.webp,고함
file_943.jpg,편지
file_944.jpg,감사
file_945.jpg,감동
file_946.jpg,당황
file_947.png,놀이
file_948.png,눈치
file_949.jpg,박자
file_950.png,눈치
file_951.png,당황
file_952.png,유감
file_953.png,인사
file_954.jpg,인사
file_955.png,인사
file_956.jpg,무기력
file_957.jpg,당황
file_958.jpg,공격
file_959.jpg,인사
file_960.jpg,인사
file_961.jpg,일
file_962.jpg,여유
file_963.jpg,정신
file_964.jpg,굶주림
file_965.jpg,굶주림
file_966.jpg,소식
file_967.jpg,눈치
file_968.jpg,흥
file_969.jpg,무시
file_970.jpg,슬픔
file_971.jpg,폭력
file_972.jpg,유전
file_973.jpg,흥
file_974.png,잔혹
file_975.png,분노
file_976.jpg,반대
file_977.jpg,난감
file_978.jpg,난감
file_979.jpg,불편
file_980.jpg,무식
file_981.jpg,자폭
file_982.jpg,도전
file_983.jpg,도전
file_984.jpg,폭력
file_985.jpg,시간
file_986.png,빈약
file_987.jpg,난감
file_988.jpg,섭취
file_989.jpg,술
file_990.jpg,당황
file_991.jpg,한심
file_992.jpg,명령
file_993.jpg,막말
file_994.jpg,유감
file_995.png,돈
file_996.jpg,싸움
file_997.jpg,심부름
file_998.png,유혹
file_999.jpg,웃음
file_1000.png,싸움
file_1001.jpg,이별
file_1002.jpg,실망
file_1003.jpg,도망
file_1004.jpg,공격
file_1005.jpg,짜증
file_1006.jpg,미소
file_1007.jpg,짜증
file_1008.jpg,짜증
file_1009.jpg,짜증
file_1010.jpg,거부
file_1011.jpg,한탄
file_1012.jpg,거부
file_1013.jpg,그만
file_1014.jpg,세수
file_1015.jpg,환영
file_1016.jpg,짜증
file_1017.jpg,피곤
file_1018.jpg,피곤
file_1019.jpg,미소
file_1020.jpg,피곤
file_1021.jpg,시원
file_1022.jpg,최악
file_1023.jpg,최악
file_1024.jpg,환영
file_1025.jpg,미소
file_1026.jpg,조언
file_1027.jpg,충고
file_1028.jpg,배고픔
file_1029.jpg,거부
file_1030.jpg,식사
file_1031.jpg,식사
file_1032.jpg,식사
file_1033.jpg,무정
file_1034.jpg,갈등
file_1035.jpg,명령
file_1036.jpg,울분
file_1037.jpg,비하
file_1038.jpg,놀라움
file_1039.jpg,괴물
file_1040.jpg,짜증
file_1041.jpg,비하
file_1042.jpg,공포
file_1043.jpg,무관심
file_1044.jpg,미소
file_1045.jpg,세상
file_1046.jpg,방치
file_1047.jpg,짜증
file_1048.jpg,분노
file_1049.jpg,사랑
file_1050.jpg,심심
file_1051.jpg,놀라움
file_1052.jpg,삶
file_1053.jpg,격려
file_1054.jpg,칭찬
file_1055.jpg,칭찬
file_1056.jpg,공격
file_1057.jpg,화해
file_1058.jpg,격려
file_1059.jpg,피곤
file_1060.jpg,그리움
file_1061.jpg,무관심
file_1062.jpg,거부
file_1063.jpg,놀림
file_1064.jpg,궁금
file_1065.jpg,미소
file_1066.jpg,경멸
file_1067.jpg,거부
file_1068.jpg,거부
file_1069.jpg,욕심
file_1070.jpg,개
file_1071.jpg,짜증
file_1072.jpg,무관심
file_1073.jpg,자랑
file_1074.jpg,자랑
file_1075.jpg,춤
file_1076.jpg,위협
file_1077.jpg,형
file_1078.jpg,춤
file_1079.jpg,협박
file_1080.jpg,감사
file_1081.jpg,협박
file_1082.jpg,감옥
file_1083.jpg,놀라움
file_1084.jpg,분노
file_1085.jpg,생각
file_1086.jpg,감옥
file_1087.jpg,미인
file_1088.jpg,식사
file_1089.jpg,식사
file_1090.jpg,욕심
file_1091.jpg,놀라움
file_1092.jpg,현실
file_1093.jpg,한탄
file_1094.jpg,미소
file_1095.jpg,격려
file_1096.jpg,놀라움
file_1097.jpg,거부
file_1098.jpg,거부
file_1099.jpg,짜증
file_1100.jpg,당황
file_1101.jpg,욕심
file_1102.jpg,사랑
file_1103.jpg,구토
file_1104.jpg,당황
file_1105.jpg,환영
file_1106.jpg,조롱
file_1107.jpg,의심
file_1108.jpg,비하
file_1109.jpg,연기
file_1110.jpg,질문
file_1111.jpg,명령
file_1112.jpg,연기
file_1113.jpg,명령
file_1114.jpg,잠
file_1115.jpg,당황
file_1116.jpg,피곤
file_1117.jpg,잠
file_1118.jpg,미소
file_1119.jpg,칭찬
file_1120.jpg,미소
file_1121.jpg,미소
file_1122.jpg,눈물 
file_1123.jpg,춤
file_1124.jpg,포기
file_1125.jpg,분노
file_1126.jpg,공격
file_1127.jpg,미소
file_1128.jpg,충격
file_1129.jpg,질문
file_1130.jpg,피곤
file_1131.jpg,잠
file_1132.jpg,명령
file_1133.jpg,협박
file_1134.jpg,짜증
file_1135.jpg,행복 
file_1136.jpg,거부
file_1137.jpg,공포
file_1138.jpg,포기
file_1139.jpg,미소
file_1140.jpg,도망
file_1141.jpg,감옥
file_1142.jpg,한숨
file_1143.jpg,피곤
file_1144.jpg,미소
file_1145.jpg,미소 
file_1146.jpg,자랑
file_1147.jpg,당황
file_1148.jpg,공격
file_1149.jpg,노래
file_1150.jpg,공격
file_1151.jpg,비하
file_1152.jpg,공격
file_1153.jpg,상사
file_1154.jpg,당황
file_1155.jpg,눈치
file_1156.jpg,질문
file_1157.jpg,공격
file_1158.jpg,식사
file_1159.jpg,거부
file_1160.jpg,배고픔
file_1161.jpg,고함
file_1162.jpg,짜증
file_1163.jpg,흥분
file_1164.jpg,충고
file_1165.jpg,피곤
file_1166.jpg,사과
file_1167.jpg,짜증
file_1168.jpg,짜증
file_1169.jpg,짜증
file_1170.jpg,자비
file_1171.jpg,피곤
file_1172.jpg,미소
file_1173.jpg,거부
file_1174.jpg,공격
file_1175.jpg,한탄
file_1176.jpg,거부
file_1177.jpg,동의
file_1178.jpg,현실
file_1179.jpg,당황
file_1180.jpg,성취
file_1181.jpg,사랑
file_1182.jpg,혼자
file_1183.jpg,놀라움
file_1184.jpg,미소
file_1185.jpg,놀라움
file_1186.jpg,집착
file_1187.jpg,미소
file_1188.jpg,질문
file_1189.jpg,거부
file_1190.jpg,공격
file_1191.jpg,냄새
file_1192.jpg,냄새
file_1193.jpg,냄새
file_1194.jpg,냄새
file_1195.jpg,냄새
file_1196.jpg,냄새
file_1197.jpg,향기
file_1198.jpg,외면
file_1199.jpg,거부
file_1200.jpg,끝
file_1201.jpg,끝
file_1202.jpg,이별
file_1203.jpg,명령
file_1204.jpg,조롱
file_1205.jpg,짜증
file_1206.jpg,행복 
file_1207.jpg,조롱
file_1208.jpg,명령
file_1209.jpg,놀림
file_1210.jpg,고함
file_1211.jpg,인정
file_1212.jpg,미소
file_1213.jpg,분노
file_1214.jpg,공포
file_1215.jpg,자비
file_1216.jpg,명령
file_1217.jpg,명령
file_1218.jpg,연민
file_1219.jpg,거부
file_1220.jpg,조롱
file_1221.jpg,미소
file_1222.jpg,미소
file_1223.jpg,미소
file_1224.jpg,짜증
file_1225.jpg,잠
file_1226.jpg,배신
file_1227.jpg,미인
file_1228.jpg,거부
file_1229.jpg,명령
file_1230.jpg,피곤
file_1231.jpg,애교
file_1232.jpg,연민
file_1233.jpg,발표
file_1234.jpg,미소
file_1235.jpg,협박
file_1236.jpg,경멸
file_1237.jpg,경멸
file_1238.jpg,노래
file_1239.jpg,배고픔
file_1240.jpg,분노
file_1241.jpg,배고픔
file_1242.jpg,배고픔
file_1243.jpg,재산
file_1244.jpg,재산
file_1245.jpg,질문
file_1246.jpg,용서
file_1247.jpg,질문
file_1248.jpg,잠
file_1249.jpg,잠
file_1250.jpg,피곤
file_1251.jpg,무관심
file_1252.jpg,환영
file_1253.jpg,시간
file_1254.jpg,협박
file_1255.jpg,기대
file_1256.jpg,실망
file_1257.jpg,질문
file_1258.jpg,짜증
file_1259.jpg,피곤
file_1260.jpg,실망
file_1261.jpg,피곤
file_1262.jpg,질문
file_1263.jpg,짜증
file_1264.jpg,피곤
file_1265.jpg,피곤
file_1266.jpg,의문
file_1267.jpg,짜증
file_1268.jpg,피곤
file_1269.jpg,격려
file_1270.jpg,비하
file_1271.jpg,잠
file_1272.jpg,질문
file_1273.jpg,분노
file_1274.jpg,협박
file_1275.jpg,명령
file_1276.jpg,미인
file_1277.jpg,명령
file_1278.jpg,미소
file_1279.jpg,거부
file_1280.jpg,잠
file_1281.jpg,자신감
file_1282.jpg,이별
file_1283.jpg,잠
file_1284.jpg,피곤
file_1285.jpg,식사
file_1286.jpg,키스
file_1287.jpg,협박
file_1288.jpg,배고픔
file_1289.jpg,경멸
file_1290.jpg,욕심
file_1291.jpg,눈치
file_1292.jpg,피곤
file_1293.jpg,기상
file_1294.jpg,날씨
file_1295.jpg,시원
file_1296.jpg,시원
file_1297.jpg,명령
file_1298.jpg,인정
file_1299.jpg,추위
file_1300.jpg,피곤
file_1301.jpg,감기
file_1302.jpg,거부
file_1303.jpg,피곤
file_1304.jpg,피곤
file_1305.jpg,눈물 
file_1306.jpg,고백
file_1307.jpg,열정
file_1308.jpg,환영
file_1309.jpg,공격
file_1310.jpg,놀라움
file_1311.jpg,질문
file_1312.jpg,고백
file_1313.jpg,밥
file_1314.jpg,생각
file_1315.jpg,명령
file_1316.jpg,열정
file_1317.jpg,미소
file_1318.jpg,좌절
file_1319.jpg,격려
file_1320.jpg,긴장
file_1321.jpg,반대
file_1322.jpg,갈등
file_1323.jpg,진정
file_1324.jpg,환영
file_1325.jpg,명령
file_1326.jpg,질문
file_1327.jpg,칭찬
file_1328.jpg,휴식
file_1329.jpg,자랑
file_1330.jpg,경멸
file_1331.jpg,무안
file_1332.jpg,무관심
file_1333.jpg,밥
file_1334.jpg,피곤
file_1335.jpg,밥
file_1336.jpg,욕심
file_1337.jpg,명령
file_1338.jpg,거부
file_1339.jpg,욕심
file_1340.jpg,밥
file_1341.jpg,욕심
file_1342.jpg,눈물 
file_1343.jpg,눈물 
file_1344.jpg,눈물 
file_1345.jpg,짜증
file_1346.jpg,춤
file_1347.jpg,환영
file_1348.jpg,환영
file_1349.jpg,질문
file_1350.jpg,공격
file_1351.jpg,우울
file_1352.jpg,행복
file_1353.jpg,미소
file_1354.jpg,거부
file_1355.jpg,노출
file_1356.jpg,감옥
file_1357.jpg,환영
file_1358.jpg,미인
file_1360.jpg,밥
file_1361.jpg,밥
file_1362.jpg,식사
file_1363.jpg,배고픔
file_1364.jpg,배고픔
file_1365.jpg,최악
file_1366.jpg,연기
file_1367.jpg,고함
file_1368.jpg,식사
file_1369.jpg,고백
file_1370.jpg,자랑
file_1371.jpg,인정
file_1372.jpg,당황
file_1373.jpg,거부
file_1374.jpg,놀라움
file_1375.jpg,맛
file_1376.jpg,명령
file_1377.jpg,자랑
file_1378.jpg,거부
file_1379.jpg,고민
file_1380.jpg,경멸
file_1381.jpg,거부
file_1382.jpg,키스
file_1383.jpg,키스
file_1384.jpg,욕심
file_1385.jpg,피곤
file_1386.jpg,눈물 
file_1387.jpg,미인
file_1388.jpg,소멸
file_1389.jpg,무관심
file_1390.jpg,무관심
file_1391.jpg,환각
file_1392.jpg,도망
file_1393.jpg,미소
file_1394.jpg,명령
file_1395.jpg,도망
file_1396.jpg,자랑
file_1397.jpg,취향
file_1398.jpg,자랑
file_1399.jpg,취향
file_1400.jpg,요구
file_1401.jpg,생각
file_1402.jpg,두통
file_1403.jpg,비하
file_1404.jpg,비하 
file_1405.jpg,노출
file_1406.jpg,노출
file_1407.jpg,눈치
file_1408.jpg,노출
file_1409.jpg,노출
file_1410.jpg,미소
file_1411.jpg,노출
file_1412.jpg,관심
file_1413.jpg,질문
file_1414.jpg,혼란
file_1415.jpg,항의
file_1416.jpg,질문
file_1417.jpg,눈치
file_1418.jpg,조언
file_1419.jpg,희망
file_1420.jpg,조언
file_1421.jpg,좌절
file_1422.jpg,비하
file_1423.jpg,눈치
file_1424.jpg,비하
file_1425.jpg,비하
file_1426.jpg,행복 
file_1427.jpg,공격
file_1428.jpg,식사
file_1429.jpg,식사
file_1430.jpg,미소
file_1431.jpg,식사
file_1432.jpg,식사
file_1433.jpg,행복
file_1434.jpg,미소
file_1435.jpg,경멸
file_1436.jpg,미소
file_1437.jpg,눈물 
file_1438.jpg,협박
file_1439.jpg,무지
file_1440.jpg,피곤
file_1441.jpg,걱정
file_1442.jpg,비하
file_1443.jpg,짜증
file_1444.jpg,자랑
file_1445.jpg,조롱
file_1446.jpg,미인
file_1447.jpg,미소
file_1448.jpg,공격
file_1449.jpg,키스
file_1450.jpg,노출
file_1451.jpg,욕설
file_1452.jpg,당황
file_1453.jpg,공격
file_1454.jpg,행복
file_1455.jpg,협박
file_1456.jpg,좌절
file_1457.jpg,격려
file_1458.jpg,질문
file_1459.jpg,질문
file_1460.jpg,까불
file_1461.jpg,미소
file_1462.jpg,분노
file_1463.jpg,조롱
file_1464.jpg,희망
file_1465.jpg,미소
file_1466.jpg,밥
file_1467.jpg,식사
file_1468.jpg,눈물 
file_1469.jpg,현실
file_1470.jpg,짜증
file_1471.jpg,거부
file_1472.jpg,노래
file_1473.jpg,격려
file_1474.jpg,사랑
file_1475.jpg,현실
file_1476.jpg,기대
file_1477.jpg,휴식
file_1478.jpg,피곤
file_1479.jpg,격려
file_1480.jpg,명령
file_1481.jpg,행복 
file_1482.jpg,비하
file_1483.jpg,협박
file_1484.jpg,지각
file_1485.jpg,궁금
file_1486.jpg,피곤
file_1487.jpg,짜증
file_1488.jpg,분노
file_1489.jpg,정신
file_1490.jpg,짜증
file_1491.jpg,진정
file_1492.jpg,미소
file_1502.jpg,미소
file_1503.jpg,적극
file_1504.jpg,의아심
file_1505.jpg,화
file_1506.jpg,행복
file_1507.jpg,재미
file_1508.jpg,망신
file_1509.jpg,술
file_1510.jpg,기풍
file_1511.jpg,술
file_1512.jpg,짜증
file_1513.jpg,격분
file_1514.jpg,멍
file_1515.jpg,화
file_1516.jpg,낭패
file_1517.jpg,사과
file_1518.jpg,당황
file_1519.jpg,행복
file_1520.jpg,폭력
file_1521.jpg,짜증
file_1522.jpg,공격
file_1523.jpg,허기
file_1524.jpg,음식
file_1525.jpg,축하
file_1526.png,행복
file_1527.jpg,식사
file_1528.jpg,사랑
file_1529.jpg,성공
file_1530.jpg,사랑
file_1531.jpg,사랑
file_1532.png,사랑
file_1533.jpg,사랑
file_1534.jpg,사랑
file_1535.jpg,사랑
file_1536.jpg,눈물
file_1537.jpg,축하
file_1538.jpg,축하
file_1539.jpg,불쾌
file_1540.jpg,친구
file_1541.jpg,조용
file_1542.jpg,실망
file_1543.jpg,출발
file_1544.jpg,탄식
file_1545.jpg,질문
file_1546.jpg,걱정
file_1547.jpg,화
file_1548.jpg,대답
file_1549.jpg,인사
file_1550.jpg,화
file_1551.jpg,무시
file_1552.jpg,시비
file_1553.jpg,불량
file_1554.jpg,대답
file_1555.jpg,냄새
file_1556.jpg,응시
file_1557.webp,열심
file_1558.png,친구
file_1559.jpg,행복
file_1560.jpg,피곤
file_1561.jpg,미소
file_1562.jpg,친구
file_1563.jpg,행복
file_1564.jpg,관심
file_1565.jpg,기대
file_1566.jpg,그만
file_1567.jpg,질문
file_1568.jpg,화
file_1569.jpg,불량
file_1570.jpg,행복
file_1571.png,화
file_1572.jpg,행복
file_1573.jpg,질문
file_1574.jpg,화
file_1575.jpg,화
file_1576.jpg,짜증
file_1577.jpg,불신
file_1578.jpg,질문
file_1579.jpg,화
file_1580.jpg,평화
file_1581.jpg,관심
file_1582.jpg,화
file_1583.jpg,열정
file_1584.jpg,아기
file_1585.jpg,짜증
file_1586.jpg,무관심
file_1587.jpg,사랑
file_1588.jpg,미소
file_1589.jpg,노래
file_1590.jpg,화
file_1591.jpg,물
file_1592.png,죽음
file_1593.jpg,멍
file_1594.jpg,운
file_1595.jpg,당황
file_1596.png,밥
file_1597.jpg,인정
file_1598.jpg,커피
file_1599.jpg,통증
file_1600.jpg,좌절
file_1601.jpg,짜증
file_1602.jpg,불쌍
file_1603.jpg,이성
file_1604.jpg,분노
file_1605.jpg,실망
file_1606.jpg,죽음
file_1607.jpg,불쌍
file_1608.jpg,폭력
file_1609.jpg,폭력
file_1610.jpg,화
file_1611.jpg,화
file_1612.jpg,화
file_1613.jpg,화
file_1614.jpg,시비
file_1615.jpg,피곤
file_1616.png,폭력
file_1617.jpg,눈치
file_1618.jpg,사랑
file_1619.jpg,연기
file_1620.jpg,화
file_1621.jpg,분노
file_1622.jpg,엉덩이
file_1623.png,화
file_1624.jpg,화
file_1625.jpg,만족
file_1626.jpg,짜증
file_1627.jpg,짜증
file_1628.jpg,포기
file_1629.jpg,휴식
file_1630.jpg,피곤
file_1631.jpg,행복
file_1632.jpg,사랑
file_1633.jpg,사랑
file_1634.jpg,사랑
file_1635.jpg,침묵
file_1636.jpg,화
file_1637.jpg,짜증
file_1638.jpg,만족
file_1639.jpg,당황
file_1640.jpg,문제
file_1641.jpg,난리
file_1642.jpg,휴식
file_1643.jpg,열의
file_1644.jpg,춤
file_1645.jpg,커피
file_1647.png,폭발
file_1648.jpg,상처
file_1649.jpg,흥미
file_1650.jpg,피곤
file_1651.jpg,춤
file_1652.png,짜증
file_1654.jpg,협박
file_1655.jpg,냄새
file_1656.jpg,냄새
file_1657.jpg,욕
file_1658.jpg,감탄
file_1659.jpg,열의
file_1660.jpg,탄식
file_1661.jpg,실성
file_1662.png,행복
file_1663.jpg,화
file_1664.jpg,미소
file_1665.jpg,탄식
file_1666.jpg,출근
file_1667.jpg,화
file_1668.jpg,미소
file_1669.jpg,교훈
file_1670.jpg,짜증
file_1671.jpg,미소
file_1672.jpg,미소
file_1673.jpg,짜증
file_1674.jpg,욕심
file_1675.jpg,행복
file_1676.jpg,공포
file_1677.jpg,행복
file_1678.jpg,인사
file_1679.jpg,불쾌
file_1680.jpg,두통
file_1681.jpg,한심
file_1682.jpg,짜증
file_1683.jpg,대답
file_1684.jpg,짜증
file_1685.jpg,조용
file_1686.jpg,피곤
file_1687.jpg,부자
file_1688.jpg,까불
file_1689.jpg,화
file_1690.jpg,모욕
file_1691.jpg,후회
file_1692.jpg,조롱
file_1693.jpg,모욕
file_1694.jpg,커피
file_1695.jpg,짜증
file_1696.jpg,예의
file_1697.jpg,사랑
file_1698.jpg,도망
file_1699.png,눈치
file_1700.jpg,짜증
file_1701.jpg,행복
file_1702.jpg,걱정
file_1703.jpg,짜증
file_1704.jpg,짜증
file_1705.jpg,인사
file_1706.jpg,멍
file_1707.jpg,짜증
file_1708.png,격분
file_1709.jpg,짜증
file_1710.jpg,행복
file_1711.jpg,무시
file_1712.jpg,우울
file_1713.jpg,눈물
file_1714.jpg,미소
file_1715.jpg,시작
file_1716.jpg,냄새
file_1717.jpg,잘못
file_1718.jpg,의견
file_1719.jpg,탄식
file_1720.jpg,불만
file_1721.jpg,냄새
file_1722.jpg,노래
file_1723.jpg,당황
file_1724.jpg,대답
file_1725.jpg,사과
file_1726.jpg,짜증
file_1727.jpg,대답
file_1728.jpg,짜증
file_1729.jpg,퇴근
file_1730.jpg,멍
file_1731.jpg,인사
file_1732.jpg,위로
file_1733.jpg,인사
file_1734.jpg,짜증
file_1735.jpg,호감
file_1736.jpg,싸움
file_1737.jpg,긍정
file_1738.jpg,짜증
file_1739.jpg,폭력
file_1740.jpg,화
file_1741.jpg,혐오
file_1742.jpg,당황
file_1743.jpg,기쁨
file_1744.jpg,눈물
file_1745.jpg,잠
file_1746.jpg,포기
file_1747.jpg,격분
file_1748.jpg,거짓
file_1749.jpg,난리
file_1750.jpg,짜증
file_1751.jpg,치킨
file_1752.jpg,짜증
file_1753.jpg,비하
file_1755.jpg,퇴장
file_1756.jpg,퇴장
file_1757.jpg,재미
file_1758.jpg,퇴장
file_1759.jpg,짜증
file_1760.jpg,당황
file_1761.jpg,긍정
file_1762.jpg,당황
file_1763.jpg,멍
file_1764.webp,피곤
file_1765.jpg,얼굴
file_1766.jpg,모욕
file_1767.jpg,시간
file_1769.jpg,명령
file_1770.jpg,순진
file_1771.jpg,단호
file_1772.jpg,대답
file_1773.jpg,질문
file_1774.jpg,일
file_1775.jpg,화
file_1776.jpg,미소
file_1777.jpg,협박
file_1778.jpg,추방
file_1780.jpg,눈치
file_1781.jpg,약속
file_1782.jpg,명령
file_1783.jpg,대답
file_1784.jpg,질문
file_1785.jpg,행복
file_1786.jpg,인사
file_1787.jpg,고백
file_1788.jpg,당황
file_1789.jpg,대답
file_1790.jpg,대답
file_1791.jpg,거절
file_1792.jpg,혼자
file_1794.jpg,답답
file_1795.jpg,부담
file_1796.jpg,의심
file_1797.jpg,멍
file_1798.jpg,인사
file_1799.jpg,질문
file_1800.jpg,화
file_1801.jpg,얼굴
file_1802.jpg,얼굴
file_1803.jpg,격
file_1804.jpg,짜증
file_1805.webp,돼지
file_1806.jpg,인셍
file_1808.jpg,잠
file_1809.jpg,고백
file_1810.jpg,당황
file_1811.jpg,분노
file_1812.jpg,혼자
file_1813.jpg,당황
file_1814.jpg,질문
file_1816.jpg,호감
file_1817.jpg,거절
file_1818.png,화
file_1819.jpg,진심
file_1822.jpg,생각
file_1823.jpg,춤
file_1824.jpg,화
file_1825.jpg,춤
file_1826.jpg,최면
file_1828.jpg,사랑
file_1829.jpg,궁금
file_1830.jpg,그만
file_1831.jpg,우울
file_1832.jpg,충격
file_1833.png,귀엽
file_1834.jpg,사랑
file_1835.jpg,충격
file_1836.jpg,축하
file_1837.jpg,형
file_1838.jpg,인사
file_1839.jpg,도망
file_1840.jpg,도망
file_1841.jpg,짜증
file_1842.jpg,당황
file_1843.jpg,화
file_1844.jpg,아픔
file_1845.jpg,무관심
file_1846.jpg,대답
file_1847.jpg,대답
file_1848.jpg,떡볶이
file_1849.jpg,당황
file_1850.jpg,저지
file_1851.jpg,밥
file_1852.jpg,짜증
file_1853.jpg,화
file_1854.png,술
file_1855.jpg,긍정
file_1856.jpg,술
file_1857.jpg,술
file_1858.jpg,술
file_1859.jpg,심취
file_1862.jpg,행복
file_1864.jpg,열정
file_1865.jpg,불쌍
file_1867.jpg,열정
file_1868.jpg,춤
file_1869.jpg,최면
file_1870.jpg,춤
file_1871.jpg,춤
file_1872.jpg,중독
file_1873.jpg,최면
file_1874.jpg,춤
file_1875.png,행복
file_1876.jpg,행복
file_1877.jpg,춤
file_1878.jpg,열의
file_1879.jpg,춤
file_1880.jpg,감사
file_1881.jpg,싸움
file_1882.jpg,죽음
file_1883.jpg,피곤
file_1884.jpg,짜증
file_1885.jpg,화
file_1886.jpg,평온
file_1887.jpg,인정
file_1888.jpg,무관심
file_1889.jpg,짜증
file_1890.jpg,노래
file_1891.jpg,인사
file_1892.jpg,예의
file_1893.jpg,술
file_1894.jpg,당황
file_1895.png,답답
file_1896.jpg,술
file_1897.jpg,더럽
file_1898.jpg,강아지
file_1899.jpg,강아지
file_1900.jpg,무관심
file_1901.jpg,강아지
file_1902.jpg,배고픔
file_1903.jpg,열의
file_1904.jpg,강아지
file_1905.jpg,강아지
file_1907.jpg,술
file_1908.jpg,강아지
file_1909.jpg,짜증
file_1910.jpg,술
file_1911.jpg,당황
file_1912.jpg,당황
file_1913.jpg,밥
file_1914.jpg,재미
file_1915.jpg,당황
file_1916.jpg,불쌍
file_1917.jpg,사랑
file_1918.jpg,사랑
file_1919.jpg,피곤
file_1920.jpg,감탄
file_1921.jpg,화
file_1922.jpg,잠
file_1923.jpg,당황
file_1924.jpg,사과
file_1925.jpg,사랑
file_1926.jpg,감탄
file_1927.jpg,애정
file_1928.jpg,당황
file_1929.jpg,대답
file_1930.png,농담
file_1931.jpg,짜증
file_1932.jpg,노래
file_1933.jpg,칭찬
file_1934.png,우울
file_1935.jpg,마무리
file_1936.jpg,단호
file_1937.jpg,충격
file_1938.jpg,화
file_1940.jpg,행복
file_1941.jpg,어른
file_1942.jpg,피곤
file_1943.jpg,충격
file_1944.png,재능
file_1945.jpg,열의
file_1946.jpg,질문
file_1947.jpg,당황
file_1948.jpg,짜증
file_1949.jpg,짜증
file_1950.jpg,사랑
file_1951.jpg,칭찬
file_1952.jpg,충격
file_1953.jpg,멋
file_1954.jpg,질문
file_1955.jpg,질문
file_1956.jpg,결혼
file_1957.jpg,행복
file_1958.jpg,미녀
file_1959.jpg,측은
file_1960.jpg,고요함
file_1961.jpg,귀엽
file_1962.jpg,예의
file_1963.jpg,협박
file_1964.jpg,미소
file_1965.jpg,눈물
file_1966.jpg,짜증
file_1967.jpg,걱정
file_1969.jpg,공격
file_1970.jpg,행복
file_1971.jpg,멍
file_1972.jpg,당황
file_1973.jpg,짜증
file_1974.jpg,화
file_1975.jpg,미녀
file_1976.jpg,엉덩이
file_1977.jpg,눈물
file_1978.jpg,사랑
file_1979.jpg,사랑
file_1980.jpg,사랑
file_1981.jpg,사랑
file_1982.jpg,벌
file_1983.jpg,약속
file_1984.jpg,실성
file_1985.jpg,당황
file_1987.jpg,청소년
file_1988.jpg,짜증
file_1989.jpg,당황
file_1990.jpg,화
file_1991.jpg,화
file_1992.jpg,멍
file_1993.jpg,멍
file_1994.jpg,욕심
file_1995.jpg,멍
file_1996.jpg,재미
file_1997.jpg,만족
file_1998.png,마무리
file_1999.jpg,행복
file_2000.jpg,인사
file_2001.jpg,웃음
file_2002.jpg,다이어트
file_2003.jpg,부끄러움
file_2004.jpg,사랑
file_2005.jpg,돈
file_2006.jpg,분노
file_2007.jpg,연애
file_2008.jpg,시비
file_2009.jpg,솔로
file_2010.jpg,당황
file_2011.jpg,웃음
file_2012.jpg,식사
file_2013.jpg,카레
file_2014.jpg,다이어트
file_2015.jpg,다이어트
file_2016.jpg,거지
file_2017.jpg,기부
file_2018.jpg,경직
file_2019.jpg,시간
file_2020.jpg,커피
file_2021.jpg,커피
file_2022.jpg,거절
file_2023.png,사랑
file_2024.png,눈치
file_2025.png,예민
file_2026.png,분노
file_2027.png,술
file_2028.jpg,복귀
file_2029.jpg,무관심
file_2030.jpg,손님
file_2031.jpg,피곤
file_2032.jpg,군대
file_2033.jpg,인사
file_2034.jpg,춤
file_2035.jpg,순진
file_2036.png,식사
file_2037.jpg,다이어트
file_2038.jpg,거짓말
file_2039.jpg,열정
file_2040.jpg,비난
file_2041.jpg,대충
file_2042.jpg,두통
file_2043.png,사표
file_2044.jpg,문제
file_2045.jpg,싸움
file_2046.png,지루
file_2047.jpg,출근
file_2048.jpg,귀찮
file_2049.jpg,거절
file_2050.jpg,생각
file_2051.jpg,설정
file_2052.jpg,상식
file_2053.jpg,짜증
file_2054.jpg,인사
file_2055.jpg,치킨
file_2056.jpg,치킨
file_2057.jpg,답답
file_2058.jpg,치킨
file_2059.jpg,행복
file_2060.jpg,떡볶이
file_2061.jpg,동의
file_2062.jpg,전가
file_2063.jpg,직장
file_2064.jpg,돈
file_2065.png,충격
file_2066.jpg,돈
file_2067.jpg,배신
file_2068.jpg,탓
file_2069.jpg,똥
file_2070.jpg,대답
file_2071.jpg,한심
file_2072.jpg,수긍
file_2073.jpg,식사
file_2074.jpg,시작
file_2075.jpg,고생
file_2076.jpg,엉덩이
file_2077.jpg,타격
file_2078.jpg,웃음
file_2079.png,계획
file_2080.jpg,노출
file_2081.jpg,웃음
file_2082.png,만족
file_2083.jpg,후회
file_2084.jpg,지각
file_2085.jpg,불쌍
file_2086.jpg,사회
file_2087.jpg,존칭
file_2088.jpg,미소
file_2089.jpg,춤
file_2090.png,공부
file_2091.jpg,고기
file_2092.jpg,피로
file_2093.jpg,다이어트
file_2094.jpg,분위기
file_2095.jpg,귀엽
file_2096.jpg,무시
file_2097.jpg,식사
file_2098.jpg,다이어트
file_2099.jpg,잠
file_2100.jpg,사과
file_2101.jpg,밥
file_2102.jpg,마음
file_2103.jpg,노력
file_2104.jpg,분노
file_2105.jpg,고생
file_2106.jpg,신뢰
file_2107.jpg,전환
file_2108.jpg,공부
file_2109.jpg,이성
file_2110.jpg,밥
file_2111.jpg,비난
file_2112.jpg,구걸
file_2113.png,슬픔
file_2114.jpg,퇴근
file_2115.jpg,조용
file_2116.png,심심
file_2117.jpg,아기
file_2118.jpg,약점
file_2119.jpg,대학생
file_2120.jpg,고백
file_2121.jpg,거지
file_2122.jpg,좌절
file_2123.jpg,기쁨
file_2124.jpg,눈치
file_2125.jpg,돈
file_2126.jpg,짜장면
file_2127.jpg,귀찮
file_2128.jpg,질투
file_2129.jpg,불쾌
file_2130.jpg,양서류
file_2131.jpg,잠
file_2132.jpg,주먹
file_2133.jpg,수능
file_2134.jpg,위기
file_2135.jpg,맛
file_2136.jpg,비난
file_2137.jpg,두뇌
file_2138.png,강아지
file_2139.jpg,대출
file_2140.jpg,날조
file_2141.jpg,동의
file_2144.jpg,피곤
file_2145.jpg,희귀
file_2146.jpg,엄격
file_2147.jpg,변화
file_2148.jpg,씩씩
file_2149.jpg,신기
file_2150.jpg,시크
file_2151.jpg,쇼크
file_2152.png,배고픔
file_2153.jpg,아침
file_2154.jpg,훈계
file_2155.jpg,최고
file_2156.jpg,예절
file_2157.jpg,교육
file_2158.jpg,외모
file_2159.jpg,별로
file_2160.jpg,취향
file_2161.jpg,측은
file_2162.jpg,인사
file_2163.jpg,대머리
file_2164.jpg,협박
file_2165.jpg,침묵
file_2166.jpg,위법
file_2167.jpg,침
file_2168.jpg,약속
file_2169.jpg,웃음
file_2170.jpg,비난
file_2171.jpg,짜증
file_2172.jpg,침대
file_2173.jpg,공유
file_2174.png,영어
file_2175.jpg,노래
file_2176.jpg,마약
file_2177.jpg,만족
file_2178.jpg,갈매기
file_2179.jpg,축제
file_2180.jpg,민주주의
file_2181.jpg,노래
file_2182.jpg,부끄러움
file_2183.jpg,운동
file_2184.jpg,구걸
file_2185.jpg,명령
file_2186.jpg,치킨
file_2187.jpg,점심
file_2188.jpg,무관심
file_2189.jpg,인정
file_2190.jpg,기쁨
file_2191.jpg,싸움
file_2192.jpg,폭발
file_2193.jpg,피곤
file_2194.jpg,연말
file_2195.jpg,명령
file_2196.jpg,포르노
file_2197.jpg,냄새
file_2198.jpg,양치
file_2199.jpg,공부
file_2200.jpg,커피
file_2201.jpg,생일
file_2202.jpg,더럽
file_2203.jpg,아침
file_2204.jpg,인생
file_2205.jpg,기상
file_2206.jpg,수면
file_2207.jpg,반대
file_2208.jpg,죽음
file_2209.jpg,비난
file_2210.jpg,아저씨
file_2211.jpg,추방
file_2212.jpg,싸움
file_2213.jpg,협박
file_2214.jpg,위축
file_2215.jpg,피곤
file_2216.jpg,노화
file_2217.jpg,마무리
file_2218.jpg,한우
file_2219.jpg,저지
file_2220.jpg,식사
file_2221.jpg,갈비
file_2222.jpg,거짓말
file_2223.png,짜장면
file_2224.png,궁금
file_2225.jpg,자폭
file_2226.jpg,무관심
file_2227.jpg,수영
file_2228.jpg,도망
file_2229.jpg,사표
file_2230.jpg,퇴근
file_2231.jpg,거지
file_2232.jpg,칭찬
file_2233.jpg,난리
file_2234.png,비난
file_2235.jpg,웃음
file_2236.jpg,비하
file_2237.jpg,동의
file_2238.jpg,눈물
file_2239.jpg,돈
file_2240.jpg,산책
file_2241.jpg,영어
file_2242.jpg,노출
file_2243.jpg,그냥
file_2244.jpg,초대
file_2245.jpg,키스
file_2246.jpg,아침
file_2247.jpg,친구
file_2248.jpg,냄새
file_2249.jpg,불쌍
file_2250.jpg,형
file_2251.jpg,조용
file_2252.jpg,그만
file_2253.jpg,폭발
file_2254.jpg,추궁
file_2255.jpg,감탄
file_2256.webp,모방
file_2257.jpg,눈물
file_2258.jpg,맥주
file_2259.jpg,애절
file_2260.jpg,따뜻
file_2261.jpg,배고픔
file_2262.jpg,배고픔
file_2263.jpg,배고픔
file_2264.jpg,퇴장
file_2265.jpg,욕
file_2266.jpg,안녕
file_2267.jpg,훌륭
file_2268.jpg,노예
file_2269.jpg,열의
file_2270.jpg,이해
file_2271.jpg,비난
file_2272.jpg,구라
file_2273.jpg,물
file_2274.jpg,유혹
file_2275.jpg,멍
file_2276.jpg,기쁨
file_2277.jpg,화
file_2278.jpg,어이
file_2279.jpg,귀가
file_2280.jpg,물
file_2281.jpg,비밀
file_2282.jpg,당황
file_2283.jpg,음식
file_2284.jpg,대답
file_2285.jpg,자신감
file_2286.jpg,위로
file_2287.jpg,놀림
file_2288.jpg,동의
file_2289.png,싫
file_2290.jpg,장관
file_2291.jpg,지각
file_2292.jpg,인사
file_2293.jpg,관심
file_2295.jpg,육아
file_2296.jpg,격분
file_2297.jpg,부자
file_2298.jpg,위로
file_2299.jpg,욕
file_2300.jpg,일
file_2301.jpg,답답
file_2302.jpg,혼자
file_2303.jpg,오더
file_2304.webp,결혼
file_2305.webp,연기
file_2306.webp,티끌
file_2307.webp,속담
file_2308.webp,노력
file_2309.webp,돈
file_2310.webp,늦
file_2311.webp,공부
file_2312.jpg,사표
file_2313.jpg,총
file_2314.jpg,피로
file_2315.jpg,포기
file_2316.jpg,꿈
file_2317.jpg,혼자
file_2318.jpg,무지
file_2319.jpg,거지
file_2320.jpg,계획
file_2321.jpg,웃음
file_2322.png,잠
file_2323.png,외면
file_2324.jpg,협박
file_2325.jpg,친구
file_2326.jpg,당황
file_2327.jpg,불안
file_2328.jpg,방해
file_2329.jpg,인사
file_2330.jpg,바쁘
file_2331.jpg,협박
file_2332.jpg,비난
file_2333.jpg,단호
file_2334.jpg,입
file_2335.png,합의
file_2336.jpg,인생
file_2337.jpg,격노
file_2338.jpg,폭발
file_2339.jpg,폭발
file_2340.jpg,무시
file_2341.jpg,착하
file_2342.jpg,음식
file_2343.jpg,비하
file_2344.jpg,울음
file_2345.jpg,망
file_2346.png,사랑
file_2347.jpg,농담
file_2348.jpg,인정
file_2349.jpg,소주
file_2350.jpg,얼굴
file_2351.jpg,욕
file_2352.jpg,질문
file_2353.jpg,기분
file_2354.jpg,무시
file_2355.jpg,아침
file_2356.jpg,어쩌
file_2357.jpg,어른
file_2358.jpg,게시
file_2359.jpg,코로나
file_2360.jpg,집
file_2361.jpg,외식
file_2362.jpg,바이러스
file_2363.jpg,충격
file_2364.jpg,결혼
file_2365.jpg,고민
file_2366.jpg,학과
file_2367.webp,친구
file_2368.jpg,아이
file_2369.jpg,기대
file_2370.jpg,청소년
file_2371.jpg,행복
file_2372.jpg,꿈
file_2373.jpg,시험
file_2374.jpg,욕
file_2375.jpg,협박
file_2376.jpg,실망
file_2377.jpg,혼자
file_2378.jpg,회사
file_2379.jpg,일
file_2380.jpg,회의
file_2381.jpg,단호
file_2382.png,붙잡
file_2383.png,통증
file_2384.jpg,진단
file_2385.jpg,다정
file_2386.jpg,박수
file_2387.jpg,칭찬
file_2388.jpg,관심
file_2389.jpg,무관심
file_2390.jpg,만족
file_2391.jpg,공주
file_2392.jpg,사랑
file_2393.jpg,칭찬
file_2394.jpg,웃음
file_2395.jpg,인사
file_2396.jpg,하루
file_2397.jpg,발표
file_2398.png,신뢰
file_2399.jpg,감사
file_2400.jpg,로봇
file_2401.jpg,출발
file_2402.jpg,아사
file_2403.jpg,출발
file_2404.jpg,죽음
file_2405.jpg,거절
file_2406.jpg,결혼
file_2407.jpg,막말
file_2408.jpg,결혼
file_2409.jpg,축하
file_2410.jpg,심취
file_2411.jpg,신혼
file_2412.jpg,역할
file_2413.jpg,무심
file_2414.jpg,미녀
file_2415.jpg,비하
file_2416.jpg,뺨
file_2417.jpg,비난
file_2418.jpg,피곤
file_2419.jpg,머리
file_2420.jpg,머리
file_2421.jpg,대머리
file_2422.jpg,피곤
file_2423.png,의심
file_2424.jpg,진심
file_2425.jpg,상사
file_2426.jpg,수면
file_2427.jpg,기타
file_2428.jpg,다정
file_2429.jpg,사랑
file_2430.jpg,조용
file_2431.jpg,심심
file_2432.jpg,냄새
file_2433.jpg,음식
file_2434.jpg,거절
file_2435.jpg,일
file_2436.jpg,?
file_2437.jpg,식사
file_2438.jpg,빵
file_2439.jpg,팩트
file_2440.jpg,반성
file_2441.jpg,배제
file_2442.jpg,충격
file_2443.jpg,기운
file_2444.jpg,퇴근
file_2445.png,식사
file_2446.jpg,유감
file_2447.jpg,쌈
file_2448.jpg,구경
file_2449.jpg,의견
file_2450.jpg,눈치
file_2451.jpg,웃음
file_2452.jpg,우울
file_2453.jpg,사과
file_2454.jpg,포기
file_2455.jpg,중퇴
file_2456.jpg,기권
file_2457.jpg,평화
file_2458.jpg,불운
file_2460.jpg,호감
file_2461.jpg,무관심
file_2462.jpg,시비
file_2463.png,행복
file_2464.jpg,행운
file_2465.jpg,진심
file_2466.jpg,유혹
file_2467.png,저주
file_2468.png,감사
file_2469.jpg,저주
file_2470.jpg,불만
file_2471.jpg,눈물
file_2472.jpg,의심
file_2473.jpg,눈물
file_2474.jpg,무관심
file_2475.jpg,화해
file_2476.jpg,키스
file_2477.jpg,택시
file_2478.jpg,악수
file_2479.jpg,구타
file_2480.png,단합
file_2481.jpg,시작
file_2482.png,최면
file_2483.jpg,당황
file_2484.jpg,웃음
file_2485.jpg,마무리
file_2486.png,미소
file_2487.jpg,실성
file_2488.jpg,웃음
file_2489.jpg,약속
file_2490.jpg,돼지
file_2491.jpg,쓸쓸
file_2492.jpg,자신감
file_2493.jpg,걱정
file_2494.jpg,무관심
file_2495.jpg,침묵
file_2496.jpg,첫사랑
file_2497.jpg,격분
file_2498.jpg,추방
file_2499.jpg,친구
file_2500.jpg,포기
